e,a,r,l,y,_,t,e,r,m,i,n,a,t,i,o,n,/,r,e,s,u,l,t,s,/,g,c,n,_,t,h,r,e,e,_,f,u,l,l,_,c,o,n,c,a,t,_,5,0,_,5,0,_,2,0,0,e,p,o,c,h,s,.,t,x,t
F,A
0.7416,0.5900,0.3333,0.0117,0.7416,0.9987
0.7416,0.6352,0.4000,0.0226,0.7431,0.9947
0.7545,0.7064,0.6708,0.0963,0.7565,0.9868
0.7564,0.7148,0.6633,0.1473,0.7640,0.9709
0.7653,0.7155,0.6591,0.2089,0.7756,0.9615
0.7614,0.7135,0.6130,0.2233,0.7769,0.9509
0.7594,0.7166,0.5850,0.2193,0.7760,0.9495
0.7604,0.7136,0.6778,0.1465,0.7652,0.9762
0.7614,0.7111,0.6335,0.2044,0.7739,0.9575
