e,a,r,l,y,_,t,e,r,m,i,n,a,t,i,o,n,/,r,e,s,u,l,t,s,/,g,c,n,_,t,h,r,e,e,_,f,u,l,l,_,c,o,n,c,a,t,_,5,_,9,5,.,t,x,t
F,A
0.7397,0.4221,0.0000,0.0000,0.7397,1.0000
0.7397,0.4216,0.0000,0.0000,0.7397,1.0000
0.7416,0.6846,0.1500,0.0115,0.7416,0.9987
0.7475,0.6972,0.6583,0.0731,0.7515,0.9854
0.7465,0.6957,0.5911,0.0690,0.7509,0.9854
0.7446,0.7054,0.5733,0.1072,0.7555,0.9695
0.7466,0.7059,0.6191,0.1186,0.7576,0.9681
0.7436,0.7071,0.6221,0.0764,0.7507,0.9787
0.7446,0.7082,0.5206,0.0996,0.7543,0.9720
