e,a,r,l,y,_,t,e,r,m,i,n,a,t,i,o,n,/,r,e,s,u,l,t,s,/,l,s,t,m,_,t,h,r,e,e,_,f,u,l,l,_,c,o,n,c,a,t,_,5,_,2,5,.,t,x,t
F,A
0.7397,0.5150,0.0000,0.0000,0.7397,1.0000
0.7397,0.5223,0.0000,0.0000,0.7397,1.0000
0.7397,0.5868,0.0000,0.0000,0.7397,1.0000
0.7397,0.6272,0.0000,0.0000,0.7397,1.0000
0.7397,0.6136,0.0000,0.0000,0.7397,1.0000
0.7406,0.6431,0.2000,0.0038,0.7404,1.0000
0.7397,0.6053,0.0000,0.0000,0.7397,1.0000
0.7397,0.6116,0.0000,0.0000,0.7397,1.0000
0.7397,0.5891,0.0000,0.0000,0.7397,1.0000
